{"cameraMode":{"drawMode":0,"name":"Shaded","section":"Shading Mode"},"sceneLighting":true,"audioPlay":false,"sceneViewState":{"showFog":true,"showMaterialUpdate":false,"showSkybox":false,"showFlares":true,"showImageEffects":true,"showParticleSystems":true},"in2DMode":false,"pivot":{"x":-0.14718525111675263,"y":1.0262625217437745,"z":-2.04701828956604},"rotation":{"x":-0.046783316880464557,"y":0.020073892548680307,"z":-0.0009404472075402737,"w":-0.9987029433250427},"size":6.500975608825684,"orthographic":false}